{
    "EnhancedSGD_MNIST": {
        "loss": [
            0.2559103159797884,
            0.0671693170904867
        ],
        "accuracy": [
            0.9756,
            0.9778
        ],
        "epoch_time": [
            15.47271728515625,
            14.384531021118164
        ],
        "memory_usage": [
            [
                20.177734375,
                354.53125
            ],
            [
                0.0,
                13.98828125
            ]
        ]
    },
    "SGD_MNIST": {
        "loss": [
            0.1853236553367418,
            0.04830455325997131
        ],
        "accuracy": [
            0.9846,
            0.9883
        ],
        "epoch_time": [
            14.159912824630737,
            14.072124004364014
        ],
        "memory_usage": [
            [
                4.00537109375,
                -32.84765625
            ],
            [
                0.0,
                159.75
            ]
        ]
    },
    "AdamW_MNIST": {
        "loss": [
            0.1347077218751147,
            0.0421893076476222
        ],
        "accuracy": [
            0.9815,
            0.985
        ],
        "epoch_time": [
            14.174518585205078,
            13.833321571350098
        ],
        "memory_usage": [
            [
                5.615234375,
                -116.75390625
            ],
            [
                0.0,
                -8.109375
            ]
        ]
    },
    "RMSprop_MNIST": {
        "loss": [
            0.13594508220849713,
            0.040377181777514634
        ],
        "accuracy": [
            0.9826,
            0.9873
        ],
        "epoch_time": [
            13.949799060821533,
            13.927951097488403
        ],
        "memory_usage": [
            [
                4.00537109375,
                -42.0546875
            ],
            [
                0.0,
                3.59375
            ]
        ]
    },
    "Adam_MNIST": {
        "loss": [
            0.13116196259758922,
            0.04365583887730322
        ],
        "accuracy": [
            0.9868,
            0.9897
        ],
        "epoch_time": [
            14.067849159240723,
            13.780553817749023
        ],
        "memory_usage": [
            [
                5.615234375,
                -39.78515625
            ],
            [
                0.0,
                -3.55078125
            ]
        ]
    }
}